{"cameraMode":{"drawMode":0,"name":"Shaded","section":"Shading Mode"},"sceneLighting":true,"audioPlay":false,"sceneViewState":{"m_AlwaysRefresh":false,"showFog":true,"showSkybox":true,"showFlares":true,"showImageEffects":true,"showParticleSystems":true,"showVisualEffectGraphs":true,"m_FxEnabled":true},"in2DMode":false,"pivot":{"x":2.6030635833740236,"y":7.200357437133789,"z":1.0856971740722657},"rotation":{"x":0.05696692690253258,"y":0.008984846994280815,"z":-0.0005124093731865287,"w":0.9983341693878174},"size":24.620126724243165,"orthographic":true}